-- phpMyAdmin SQL Dump
-- version 3.5.1
-- http://www.phpmyadmin.net
--
-- Client: localhost
-- Généré le: Lun 04 Novembre 2013 à 11:17
-- Version du serveur: 5.5.24-log
-- Version de PHP: 5.4.3

SET SQL_MODE="NO_AUTO_VALUE_ON_ZERO";
SET time_zone = "+00:00";


/*!40101 SET @OLD_CHARACTER_SET_CLIENT=@@CHARACTER_SET_CLIENT */;
/*!40101 SET @OLD_CHARACTER_SET_RESULTS=@@CHARACTER_SET_RESULTS */;
/*!40101 SET @OLD_COLLATION_CONNECTION=@@COLLATION_CONNECTION */;
/*!40101 SET NAMES utf8 */;

--
-- Base de données: `bugtracker`
--

-- --------------------------------------------------------

--
-- Structure de la table `mantis_bugnote_table`
--

DROP TABLE IF EXISTS `mantis_bugnote_table`;
CREATE TABLE IF NOT EXISTS `mantis_bugnote_table` (
  `id` int(10) unsigned NOT NULL AUTO_INCREMENT,
  `bug_id` int(10) unsigned NOT NULL DEFAULT '0',
  `reporter_id` int(10) unsigned NOT NULL DEFAULT '0',
  `bugnote_text_id` int(10) unsigned NOT NULL DEFAULT '0',
  `view_state` smallint(6) NOT NULL DEFAULT '10',
  `note_type` int(11) DEFAULT '0',
  `note_attr` varchar(250) DEFAULT '',
  `time_tracking` int(10) unsigned NOT NULL DEFAULT '0',
  `last_modified` int(10) unsigned NOT NULL DEFAULT '1',
  `date_submitted` int(10) unsigned NOT NULL DEFAULT '1',
  PRIMARY KEY (`id`),
  KEY `idx_bug` (`bug_id`),
  KEY `idx_last_mod` (`last_modified`)
) ENGINE=MyISAM DEFAULT CHARSET=utf8 AUTO_INCREMENT=1 ;

-- --------------------------------------------------------

--
-- Structure de la table `mantis_bugnote_text_table`
--

DROP TABLE IF EXISTS `mantis_bugnote_text_table`;
CREATE TABLE IF NOT EXISTS `mantis_bugnote_text_table` (
  `id` int(10) unsigned NOT NULL AUTO_INCREMENT,
  `note` longtext NOT NULL,
  PRIMARY KEY (`id`)
) ENGINE=MyISAM DEFAULT CHARSET=utf8 AUTO_INCREMENT=1 ;

-- --------------------------------------------------------

--
-- Structure de la table `mantis_bug_file_table`
--

DROP TABLE IF EXISTS `mantis_bug_file_table`;
CREATE TABLE IF NOT EXISTS `mantis_bug_file_table` (
  `id` int(10) unsigned NOT NULL AUTO_INCREMENT,
  `bug_id` int(10) unsigned NOT NULL DEFAULT '0',
  `title` varchar(250) NOT NULL DEFAULT '',
  `description` varchar(250) NOT NULL DEFAULT '',
  `diskfile` varchar(250) NOT NULL DEFAULT '',
  `filename` varchar(250) NOT NULL DEFAULT '',
  `folder` varchar(250) NOT NULL DEFAULT '',
  `filesize` int(11) NOT NULL DEFAULT '0',
  `file_type` varchar(250) NOT NULL DEFAULT '',
  `content` longblob NOT NULL,
  `date_added` int(10) unsigned NOT NULL DEFAULT '1',
  `user_id` int(10) unsigned NOT NULL DEFAULT '0',
  PRIMARY KEY (`id`),
  KEY `idx_bug_file_bug_id` (`bug_id`),
  KEY `idx_diskfile` (`diskfile`)
) ENGINE=MyISAM DEFAULT CHARSET=utf8 AUTO_INCREMENT=1 ;

-- --------------------------------------------------------

--
-- Structure de la table `mantis_bug_history_table`
--

DROP TABLE IF EXISTS `mantis_bug_history_table`;
CREATE TABLE IF NOT EXISTS `mantis_bug_history_table` (
  `id` int(10) unsigned NOT NULL AUTO_INCREMENT,
  `user_id` int(10) unsigned NOT NULL DEFAULT '0',
  `bug_id` int(10) unsigned NOT NULL DEFAULT '0',
  `field_name` varchar(64) NOT NULL,
  `old_value` varchar(255) NOT NULL,
  `new_value` varchar(255) NOT NULL,
  `type` smallint(6) NOT NULL DEFAULT '0',
  `date_modified` int(10) unsigned NOT NULL DEFAULT '1',
  PRIMARY KEY (`id`),
  KEY `idx_bug_history_bug_id` (`bug_id`),
  KEY `idx_history_user_id` (`user_id`)
) ENGINE=MyISAM DEFAULT CHARSET=utf8 AUTO_INCREMENT=1 ;

-- --------------------------------------------------------

--
-- Structure de la table `mantis_bug_monitor_table`
--

DROP TABLE IF EXISTS `mantis_bug_monitor_table`;
CREATE TABLE IF NOT EXISTS `mantis_bug_monitor_table` (
  `user_id` int(10) unsigned NOT NULL DEFAULT '0',
  `bug_id` int(10) unsigned NOT NULL DEFAULT '0',
  PRIMARY KEY (`user_id`,`bug_id`)
) ENGINE=MyISAM DEFAULT CHARSET=utf8;

-- --------------------------------------------------------

--
-- Structure de la table `mantis_bug_relationship_table`
--

DROP TABLE IF EXISTS `mantis_bug_relationship_table`;
CREATE TABLE IF NOT EXISTS `mantis_bug_relationship_table` (
  `id` int(10) unsigned NOT NULL AUTO_INCREMENT,
  `source_bug_id` int(10) unsigned NOT NULL DEFAULT '0',
  `destination_bug_id` int(10) unsigned NOT NULL DEFAULT '0',
  `relationship_type` smallint(6) NOT NULL DEFAULT '0',
  PRIMARY KEY (`id`),
  KEY `idx_relationship_source` (`source_bug_id`),
  KEY `idx_relationship_destination` (`destination_bug_id`)
) ENGINE=MyISAM DEFAULT CHARSET=utf8 AUTO_INCREMENT=1 ;

-- --------------------------------------------------------

--
-- Structure de la table `mantis_bug_revision_table`
--

DROP TABLE IF EXISTS `mantis_bug_revision_table`;
CREATE TABLE IF NOT EXISTS `mantis_bug_revision_table` (
  `id` int(10) unsigned NOT NULL AUTO_INCREMENT,
  `bug_id` int(10) unsigned NOT NULL,
  `bugnote_id` int(10) unsigned NOT NULL DEFAULT '0',
  `user_id` int(10) unsigned NOT NULL,
  `type` int(10) unsigned NOT NULL,
  `value` longtext NOT NULL,
  `timestamp` int(10) unsigned NOT NULL DEFAULT '1',
  PRIMARY KEY (`id`),
  KEY `idx_bug_rev_type` (`type`),
  KEY `idx_bug_rev_id_time` (`bug_id`,`timestamp`)
) ENGINE=MyISAM DEFAULT CHARSET=utf8 AUTO_INCREMENT=1 ;

-- --------------------------------------------------------

--
-- Structure de la table `mantis_bug_table`
--

DROP TABLE IF EXISTS `mantis_bug_table`;
CREATE TABLE IF NOT EXISTS `mantis_bug_table` (
  `id` int(10) unsigned NOT NULL AUTO_INCREMENT,
  `project_id` int(10) unsigned NOT NULL DEFAULT '0',
  `reporter_id` int(10) unsigned NOT NULL DEFAULT '0',
  `handler_id` int(10) unsigned NOT NULL DEFAULT '0',
  `duplicate_id` int(10) unsigned NOT NULL DEFAULT '0',
  `priority` smallint(6) NOT NULL DEFAULT '30',
  `severity` smallint(6) NOT NULL DEFAULT '50',
  `reproducibility` smallint(6) NOT NULL DEFAULT '10',
  `status` smallint(6) NOT NULL DEFAULT '10',
  `resolution` smallint(6) NOT NULL DEFAULT '10',
  `projection` smallint(6) NOT NULL DEFAULT '10',
  `eta` smallint(6) NOT NULL DEFAULT '10',
  `bug_text_id` int(10) unsigned NOT NULL DEFAULT '0',
  `os` varchar(32) NOT NULL DEFAULT '',
  `os_build` varchar(32) NOT NULL DEFAULT '',
  `platform` varchar(32) NOT NULL DEFAULT '',
  `version` varchar(64) NOT NULL DEFAULT '',
  `fixed_in_version` varchar(64) NOT NULL DEFAULT '',
  `build` varchar(32) NOT NULL DEFAULT '',
  `profile_id` int(10) unsigned NOT NULL DEFAULT '0',
  `view_state` smallint(6) NOT NULL DEFAULT '10',
  `summary` varchar(128) NOT NULL DEFAULT '',
  `sponsorship_total` int(11) NOT NULL DEFAULT '0',
  `sticky` tinyint(4) NOT NULL DEFAULT '0',
  `target_version` varchar(64) NOT NULL DEFAULT '',
  `category_id` int(10) unsigned NOT NULL DEFAULT '1',
  `date_submitted` int(10) unsigned NOT NULL DEFAULT '1',
  `due_date` int(10) unsigned NOT NULL DEFAULT '1',
  `last_updated` int(10) unsigned NOT NULL DEFAULT '1',
  PRIMARY KEY (`id`),
  KEY `idx_bug_sponsorship_total` (`sponsorship_total`),
  KEY `idx_bug_fixed_in_version` (`fixed_in_version`),
  KEY `idx_bug_status` (`status`),
  KEY `idx_project` (`project_id`)
) ENGINE=MyISAM DEFAULT CHARSET=utf8 AUTO_INCREMENT=1 ;

-- --------------------------------------------------------

--
-- Structure de la table `mantis_bug_tag_table`
--

DROP TABLE IF EXISTS `mantis_bug_tag_table`;
CREATE TABLE IF NOT EXISTS `mantis_bug_tag_table` (
  `bug_id` int(10) unsigned NOT NULL DEFAULT '0',
  `tag_id` int(10) unsigned NOT NULL DEFAULT '0',
  `user_id` int(10) unsigned NOT NULL DEFAULT '0',
  `date_attached` int(10) unsigned NOT NULL DEFAULT '1',
  PRIMARY KEY (`bug_id`,`tag_id`),
  KEY `idx_bug_tag_tag_id` (`tag_id`)
) ENGINE=MyISAM DEFAULT CHARSET=utf8;

-- --------------------------------------------------------

--
-- Structure de la table `mantis_bug_text_table`
--

DROP TABLE IF EXISTS `mantis_bug_text_table`;
CREATE TABLE IF NOT EXISTS `mantis_bug_text_table` (
  `id` int(10) unsigned NOT NULL AUTO_INCREMENT,
  `description` longtext NOT NULL,
  `steps_to_reproduce` longtext NOT NULL,
  `additional_information` longtext NOT NULL,
  PRIMARY KEY (`id`)
) ENGINE=MyISAM DEFAULT CHARSET=utf8 AUTO_INCREMENT=1 ;

-- --------------------------------------------------------

--
-- Structure de la table `mantis_category_table`
--

DROP TABLE IF EXISTS `mantis_category_table`;
CREATE TABLE IF NOT EXISTS `mantis_category_table` (
  `id` int(10) unsigned NOT NULL AUTO_INCREMENT,
  `project_id` int(10) unsigned NOT NULL DEFAULT '0',
  `user_id` int(10) unsigned NOT NULL DEFAULT '0',
  `name` varchar(128) NOT NULL DEFAULT '',
  `status` int(10) unsigned NOT NULL DEFAULT '0',
  PRIMARY KEY (`id`),
  UNIQUE KEY `idx_category_project_name` (`project_id`,`name`)
) ENGINE=MyISAM  DEFAULT CHARSET=utf8 AUTO_INCREMENT=5 ;

--
-- Contenu de la table `mantis_category_table`
--

INSERT INTO `mantis_category_table` (`id`, `project_id`, `user_id`, `name`, `status`) VALUES
(1, 0, 0, 'General', 0),
(2, 3, 0, 'CAT3', 0),
(3, 2, 0, 'MISM', 0),
(4, 1, 0, 'TCCM', 0);

-- --------------------------------------------------------

--
-- Structure de la table `mantis_config_table`
--

DROP TABLE IF EXISTS `mantis_config_table`;
CREATE TABLE IF NOT EXISTS `mantis_config_table` (
  `config_id` varchar(64) NOT NULL,
  `project_id` int(11) NOT NULL DEFAULT '0',
  `user_id` int(11) NOT NULL DEFAULT '0',
  `access_reqd` int(11) DEFAULT '0',
  `type` int(11) DEFAULT '90',
  `value` longtext NOT NULL,
  PRIMARY KEY (`config_id`,`project_id`,`user_id`)
) ENGINE=MyISAM DEFAULT CHARSET=utf8;

--
-- Contenu de la table `mantis_config_table`
--

INSERT INTO `mantis_config_table` (`config_id`, `project_id`, `user_id`, `access_reqd`, `type`, `value`) VALUES
('database_version', 0, 0, 90, 1, '183'),
('status_enum_workflow', 0, 0, 90, 3, 'a:9:{i:10;s:59:"30:acknowledged,20:feedback,40:analyzed,50:open,80:resolved";i:20;s:47:"30:acknowledged,40:analyzed,50:open,80:resolved";i:30;s:43:"40:analyzed,20:feedback,50:open,80:resolved";i:40;s:31:"50:open,20:feedback,80:resolved";i:50;s:23:"80:resolved,20:feedback";i:80;s:47:"90:closed,20:feedback,82:validated,85:delivered";i:82;s:34:"85:delivered,20:feedback,90:closed";i:85;s:21:"90:closed,20:feedback";i:90;s:11:"20:feedback";}');

-- --------------------------------------------------------

--
-- Structure de la table `mantis_custom_field_project_table`
--

DROP TABLE IF EXISTS `mantis_custom_field_project_table`;
CREATE TABLE IF NOT EXISTS `mantis_custom_field_project_table` (
  `field_id` int(11) NOT NULL DEFAULT '0',
  `project_id` int(10) unsigned NOT NULL DEFAULT '0',
  `sequence` smallint(6) NOT NULL DEFAULT '0',
  PRIMARY KEY (`field_id`,`project_id`)
) ENGINE=MyISAM DEFAULT CHARSET=utf8;

--
-- Contenu de la table `mantis_custom_field_project_table`
--

INSERT INTO `mantis_custom_field_project_table` (`field_id`, `project_id`, `sequence`) VALUES
(1, 1, 0),
(1, 2, 0),
(1, 3, 0);

-- --------------------------------------------------------

--
-- Structure de la table `mantis_custom_field_string_table`
--

DROP TABLE IF EXISTS `mantis_custom_field_string_table`;
CREATE TABLE IF NOT EXISTS `mantis_custom_field_string_table` (
  `field_id` int(11) NOT NULL DEFAULT '0',
  `bug_id` int(11) NOT NULL DEFAULT '0',
  `value` varchar(255) NOT NULL DEFAULT '',
  PRIMARY KEY (`field_id`,`bug_id`),
  KEY `idx_custom_field_bug` (`bug_id`)
) ENGINE=MyISAM DEFAULT CHARSET=utf8;

-- --------------------------------------------------------

--
-- Structure de la table `mantis_custom_field_table`
--

DROP TABLE IF EXISTS `mantis_custom_field_table`;
CREATE TABLE IF NOT EXISTS `mantis_custom_field_table` (
  `id` int(11) NOT NULL AUTO_INCREMENT,
  `name` varchar(64) NOT NULL DEFAULT '',
  `type` smallint(6) NOT NULL DEFAULT '0',
  `possible_values` text NOT NULL,
  `default_value` varchar(255) NOT NULL DEFAULT '',
  `valid_regexp` varchar(255) NOT NULL DEFAULT '',
  `access_level_r` smallint(6) NOT NULL DEFAULT '0',
  `access_level_rw` smallint(6) NOT NULL DEFAULT '0',
  `length_min` int(11) NOT NULL DEFAULT '0',
  `length_max` int(11) NOT NULL DEFAULT '0',
  `require_report` tinyint(4) NOT NULL DEFAULT '0',
  `require_update` tinyint(4) NOT NULL DEFAULT '0',
  `display_report` tinyint(4) NOT NULL DEFAULT '0',
  `display_update` tinyint(4) NOT NULL DEFAULT '1',
  `require_resolved` tinyint(4) NOT NULL DEFAULT '0',
  `display_resolved` tinyint(4) NOT NULL DEFAULT '0',
  `display_closed` tinyint(4) NOT NULL DEFAULT '0',
  `require_closed` tinyint(4) NOT NULL DEFAULT '0',
  `filter_by` tinyint(4) NOT NULL DEFAULT '1',
  PRIMARY KEY (`id`),
  KEY `idx_custom_field_name` (`name`)
) ENGINE=MyISAM  DEFAULT CHARSET=utf8 AUTO_INCREMENT=2 ;

--
-- Contenu de la table `mantis_custom_field_table`
--

INSERT INTO `mantis_custom_field_table` (`id`, `name`, `type`, `possible_values`, `default_value`, `valid_regexp`, `access_level_r`, `access_level_rw`, `length_min`, `length_max`, `require_report`, `require_update`, `display_report`, `display_update`, `require_resolved`, `display_resolved`, `display_closed`, `require_closed`, `filter_by`) VALUES
(1, 'CustomerRef', 0, '', '', '', 10, 55, 0, 0, 0, 0, 0, 1, 0, 0, 0, 0, 1);

-- --------------------------------------------------------

--
-- Structure de la table `mantis_email_table`
--

DROP TABLE IF EXISTS `mantis_email_table`;
CREATE TABLE IF NOT EXISTS `mantis_email_table` (
  `email_id` int(10) unsigned NOT NULL AUTO_INCREMENT,
  `email` varchar(64) NOT NULL DEFAULT '',
  `subject` varchar(250) NOT NULL DEFAULT '',
  `metadata` longtext NOT NULL,
  `body` longtext NOT NULL,
  `submitted` int(10) unsigned NOT NULL DEFAULT '1',
  PRIMARY KEY (`email_id`)
) ENGINE=MyISAM DEFAULT CHARSET=utf8 AUTO_INCREMENT=1 ;

-- --------------------------------------------------------

--
-- Structure de la table `mantis_filters_table`
--

DROP TABLE IF EXISTS `mantis_filters_table`;
CREATE TABLE IF NOT EXISTS `mantis_filters_table` (
  `id` int(10) unsigned NOT NULL AUTO_INCREMENT,
  `user_id` int(11) NOT NULL DEFAULT '0',
  `project_id` int(11) NOT NULL DEFAULT '0',
  `is_public` tinyint(4) DEFAULT NULL,
  `name` varchar(64) NOT NULL DEFAULT '',
  `filter_string` longtext NOT NULL,
  PRIMARY KEY (`id`)
) ENGINE=MyISAM DEFAULT CHARSET=utf8 AUTO_INCREMENT=1 ;

-- --------------------------------------------------------

--
-- Structure de la table `mantis_news_table`
--

DROP TABLE IF EXISTS `mantis_news_table`;
CREATE TABLE IF NOT EXISTS `mantis_news_table` (
  `id` int(10) unsigned NOT NULL AUTO_INCREMENT,
  `project_id` int(10) unsigned NOT NULL DEFAULT '0',
  `poster_id` int(10) unsigned NOT NULL DEFAULT '0',
  `view_state` smallint(6) NOT NULL DEFAULT '10',
  `announcement` tinyint(4) NOT NULL DEFAULT '0',
  `headline` varchar(64) NOT NULL DEFAULT '',
  `body` longtext NOT NULL,
  `last_modified` int(10) unsigned NOT NULL DEFAULT '1',
  `date_posted` int(10) unsigned NOT NULL DEFAULT '1',
  PRIMARY KEY (`id`)
) ENGINE=MyISAM DEFAULT CHARSET=utf8 AUTO_INCREMENT=1 ;

-- --------------------------------------------------------

--
-- Structure de la table `mantis_plugin_table`
--

DROP TABLE IF EXISTS `mantis_plugin_table`;
CREATE TABLE IF NOT EXISTS `mantis_plugin_table` (
  `basename` varchar(40) NOT NULL,
  `enabled` tinyint(4) NOT NULL DEFAULT '0',
  `protected` tinyint(4) NOT NULL DEFAULT '0',
  `priority` int(10) unsigned NOT NULL DEFAULT '3',
  PRIMARY KEY (`basename`)
) ENGINE=MyISAM DEFAULT CHARSET=utf8;

--
-- Contenu de la table `mantis_plugin_table`
--

INSERT INTO `mantis_plugin_table` (`basename`, `enabled`, `protected`, `priority`) VALUES
('MantisCoreFormatting', 1, 0, 3);

-- --------------------------------------------------------

--
-- Structure de la table `mantis_project_file_table`
--

DROP TABLE IF EXISTS `mantis_project_file_table`;
CREATE TABLE IF NOT EXISTS `mantis_project_file_table` (
  `id` int(10) unsigned NOT NULL AUTO_INCREMENT,
  `project_id` int(10) unsigned NOT NULL DEFAULT '0',
  `title` varchar(250) NOT NULL DEFAULT '',
  `description` varchar(250) NOT NULL DEFAULT '',
  `diskfile` varchar(250) NOT NULL DEFAULT '',
  `filename` varchar(250) NOT NULL DEFAULT '',
  `folder` varchar(250) NOT NULL DEFAULT '',
  `filesize` int(11) NOT NULL DEFAULT '0',
  `file_type` varchar(250) NOT NULL DEFAULT '',
  `content` longblob NOT NULL,
  `date_added` int(10) unsigned NOT NULL DEFAULT '1',
  `user_id` int(10) unsigned NOT NULL DEFAULT '0',
  PRIMARY KEY (`id`)
) ENGINE=MyISAM DEFAULT CHARSET=utf8 AUTO_INCREMENT=1 ;

-- --------------------------------------------------------

--
-- Structure de la table `mantis_project_hierarchy_table`
--

DROP TABLE IF EXISTS `mantis_project_hierarchy_table`;
CREATE TABLE IF NOT EXISTS `mantis_project_hierarchy_table` (
  `child_id` int(10) unsigned NOT NULL,
  `parent_id` int(10) unsigned NOT NULL,
  `inherit_parent` int(10) unsigned NOT NULL DEFAULT '0',
  KEY `idx_project_hierarchy_child_id` (`child_id`),
  KEY `idx_project_hierarchy_parent_id` (`parent_id`)
) ENGINE=MyISAM DEFAULT CHARSET=utf8;

-- --------------------------------------------------------

--
-- Structure de la table `mantis_project_table`
--

DROP TABLE IF EXISTS `mantis_project_table`;
CREATE TABLE IF NOT EXISTS `mantis_project_table` (
  `id` int(10) unsigned NOT NULL AUTO_INCREMENT,
  `name` varchar(128) NOT NULL DEFAULT '',
  `status` smallint(6) NOT NULL DEFAULT '10',
  `enabled` tinyint(4) NOT NULL DEFAULT '1',
  `view_state` smallint(6) NOT NULL DEFAULT '10',
  `access_min` smallint(6) NOT NULL DEFAULT '10',
  `file_path` varchar(250) NOT NULL DEFAULT '',
  `description` longtext NOT NULL,
  `category_id` int(10) unsigned NOT NULL DEFAULT '1',
  `inherit_global` int(10) unsigned NOT NULL DEFAULT '0',
  PRIMARY KEY (`id`),
  UNIQUE KEY `idx_project_name` (`name`),
  KEY `idx_project_view` (`view_state`)
) ENGINE=MyISAM  DEFAULT CHARSET=utf8 AUTO_INCREMENT=4 ;

--
-- Contenu de la table `mantis_project_table`
--

INSERT INTO `mantis_project_table` (`id`, `name`, `status`, `enabled`, `view_state`, `access_min`, `file_path`, `description`, `category_id`, `inherit_global`) VALUES
(1, 'Project1', 10, 1, 50, 10, '', '', 1, 1),
(2, 'Project2', 10, 1, 10, 10, '', '', 1, 1),
(3, 'Project3', 10, 1, 10, 10, '', '', 1, 1);

-- --------------------------------------------------------

--
-- Structure de la table `mantis_project_user_list_table`
--

DROP TABLE IF EXISTS `mantis_project_user_list_table`;
CREATE TABLE IF NOT EXISTS `mantis_project_user_list_table` (
  `project_id` int(10) unsigned NOT NULL DEFAULT '0',
  `user_id` int(10) unsigned NOT NULL DEFAULT '0',
  `access_level` smallint(6) NOT NULL DEFAULT '10',
  PRIMARY KEY (`project_id`,`user_id`),
  KEY `idx_project_user` (`user_id`)
) ENGINE=MyISAM DEFAULT CHARSET=utf8;

--
-- Contenu de la table `mantis_project_user_list_table`
--

INSERT INTO `mantis_project_user_list_table` (`project_id`, `user_id`, `access_level`) VALUES
(1, 3, 55),
(1, 4, 55),
(1, 2, 70),
(2, 3, 55),
(2, 4, 55),
(2, 2, 70),
(3, 3, 55),
(3, 4, 55),
(3, 2, 70);

-- --------------------------------------------------------

--
-- Structure de la table `mantis_project_version_table`
--

DROP TABLE IF EXISTS `mantis_project_version_table`;
CREATE TABLE IF NOT EXISTS `mantis_project_version_table` (
  `id` int(11) NOT NULL AUTO_INCREMENT,
  `project_id` int(10) unsigned NOT NULL DEFAULT '0',
  `version` varchar(64) NOT NULL DEFAULT '',
  `description` longtext NOT NULL,
  `released` tinyint(4) NOT NULL DEFAULT '1',
  `obsolete` tinyint(4) NOT NULL DEFAULT '0',
  `date_order` int(10) unsigned NOT NULL DEFAULT '1',
  PRIMARY KEY (`id`),
  UNIQUE KEY `idx_project_version` (`project_id`,`version`)
) ENGINE=MyISAM  DEFAULT CHARSET=utf8 AUTO_INCREMENT=4 ;

--
-- Contenu de la table `mantis_project_version_table`
--

INSERT INTO `mantis_project_version_table` (`id`, `project_id`, `version`, `description`, `released`, `obsolete`, `date_order`) VALUES
(1, 3, '0.1.0', '', 0, 0, 1383563288),
(2, 2, '0.2.0', '', 0, 0, 1383563303),
(3, 1, '1.0.0', '', 0, 0, 1383563320);

-- --------------------------------------------------------

--
-- Structure de la table `mantis_sponsorship_table`
--

DROP TABLE IF EXISTS `mantis_sponsorship_table`;
CREATE TABLE IF NOT EXISTS `mantis_sponsorship_table` (
  `id` int(11) NOT NULL AUTO_INCREMENT,
  `bug_id` int(11) NOT NULL DEFAULT '0',
  `user_id` int(11) NOT NULL DEFAULT '0',
  `amount` int(11) NOT NULL DEFAULT '0',
  `logo` varchar(128) NOT NULL DEFAULT '',
  `url` varchar(128) NOT NULL DEFAULT '',
  `paid` tinyint(4) NOT NULL DEFAULT '0',
  `date_submitted` int(10) unsigned NOT NULL DEFAULT '1',
  `last_updated` int(10) unsigned NOT NULL DEFAULT '1',
  PRIMARY KEY (`id`),
  KEY `idx_sponsorship_bug_id` (`bug_id`),
  KEY `idx_sponsorship_user_id` (`user_id`)
) ENGINE=MyISAM DEFAULT CHARSET=utf8 AUTO_INCREMENT=1 ;

-- --------------------------------------------------------

--
-- Structure de la table `mantis_tag_table`
--

DROP TABLE IF EXISTS `mantis_tag_table`;
CREATE TABLE IF NOT EXISTS `mantis_tag_table` (
  `id` int(10) unsigned NOT NULL AUTO_INCREMENT,
  `user_id` int(10) unsigned NOT NULL DEFAULT '0',
  `name` varchar(100) NOT NULL DEFAULT '',
  `description` longtext NOT NULL,
  `date_created` int(10) unsigned NOT NULL DEFAULT '1',
  `date_updated` int(10) unsigned NOT NULL DEFAULT '1',
  PRIMARY KEY (`id`,`name`),
  KEY `idx_tag_name` (`name`)
) ENGINE=MyISAM DEFAULT CHARSET=utf8 AUTO_INCREMENT=1 ;

-- --------------------------------------------------------

--
-- Structure de la table `mantis_tokens_table`
--

DROP TABLE IF EXISTS `mantis_tokens_table`;
CREATE TABLE IF NOT EXISTS `mantis_tokens_table` (
  `id` int(11) NOT NULL AUTO_INCREMENT,
  `owner` int(11) NOT NULL,
  `type` int(11) NOT NULL,
  `value` longtext NOT NULL,
  `timestamp` int(10) unsigned NOT NULL DEFAULT '1',
  `expiry` int(10) unsigned NOT NULL DEFAULT '1',
  PRIMARY KEY (`id`),
  KEY `idx_typeowner` (`type`,`owner`)
) ENGINE=MyISAM  DEFAULT CHARSET=utf8 AUTO_INCREMENT=3 ;

--
-- Contenu de la table `mantis_tokens_table`
--

INSERT INTO `mantis_tokens_table` (`id`, `owner`, `type`, `value`, `timestamp`, `expiry`) VALUES
(2, 1, 4, '1', 1383563084, 1383564095);

-- --------------------------------------------------------

--
-- Structure de la table `mantis_user_pref_table`
--

DROP TABLE IF EXISTS `mantis_user_pref_table`;
CREATE TABLE IF NOT EXISTS `mantis_user_pref_table` (
  `id` int(10) unsigned NOT NULL AUTO_INCREMENT,
  `user_id` int(10) unsigned NOT NULL DEFAULT '0',
  `project_id` int(10) unsigned NOT NULL DEFAULT '0',
  `default_profile` int(10) unsigned NOT NULL DEFAULT '0',
  `default_project` int(10) unsigned NOT NULL DEFAULT '0',
  `refresh_delay` int(11) NOT NULL DEFAULT '0',
  `redirect_delay` int(11) NOT NULL DEFAULT '0',
  `bugnote_order` varchar(4) NOT NULL DEFAULT 'ASC',
  `email_on_new` tinyint(4) NOT NULL DEFAULT '0',
  `email_on_assigned` tinyint(4) NOT NULL DEFAULT '0',
  `email_on_feedback` tinyint(4) NOT NULL DEFAULT '0',
  `email_on_resolved` tinyint(4) NOT NULL DEFAULT '0',
  `email_on_closed` tinyint(4) NOT NULL DEFAULT '0',
  `email_on_reopened` tinyint(4) NOT NULL DEFAULT '0',
  `email_on_bugnote` tinyint(4) NOT NULL DEFAULT '0',
  `email_on_status` tinyint(4) NOT NULL DEFAULT '0',
  `email_on_priority` tinyint(4) NOT NULL DEFAULT '0',
  `email_on_priority_min_severity` smallint(6) NOT NULL DEFAULT '10',
  `email_on_status_min_severity` smallint(6) NOT NULL DEFAULT '10',
  `email_on_bugnote_min_severity` smallint(6) NOT NULL DEFAULT '10',
  `email_on_reopened_min_severity` smallint(6) NOT NULL DEFAULT '10',
  `email_on_closed_min_severity` smallint(6) NOT NULL DEFAULT '10',
  `email_on_resolved_min_severity` smallint(6) NOT NULL DEFAULT '10',
  `email_on_feedback_min_severity` smallint(6) NOT NULL DEFAULT '10',
  `email_on_assigned_min_severity` smallint(6) NOT NULL DEFAULT '10',
  `email_on_new_min_severity` smallint(6) NOT NULL DEFAULT '10',
  `email_bugnote_limit` smallint(6) NOT NULL DEFAULT '0',
  `language` varchar(32) NOT NULL DEFAULT 'english',
  `timezone` varchar(32) NOT NULL DEFAULT '',
  PRIMARY KEY (`id`)
) ENGINE=MyISAM  DEFAULT CHARSET=utf8 AUTO_INCREMENT=2 ;

--
-- Contenu de la table `mantis_user_pref_table`
--

INSERT INTO `mantis_user_pref_table` (`id`, `user_id`, `project_id`, `default_profile`, `default_project`, `refresh_delay`, `redirect_delay`, `bugnote_order`, `email_on_new`, `email_on_assigned`, `email_on_feedback`, `email_on_resolved`, `email_on_closed`, `email_on_reopened`, `email_on_bugnote`, `email_on_status`, `email_on_priority`, `email_on_priority_min_severity`, `email_on_status_min_severity`, `email_on_bugnote_min_severity`, `email_on_reopened_min_severity`, `email_on_closed_min_severity`, `email_on_resolved_min_severity`, `email_on_feedback_min_severity`, `email_on_assigned_min_severity`, `email_on_new_min_severity`, `email_bugnote_limit`, `language`, `timezone`) VALUES
(1, 1, 0, 0, 1, 30, 2, 'ASC', 1, 1, 1, 1, 1, 1, 1, 0, 0, 0, 0, 0, 0, 0, 0, 0, 0, 0, 0, 'english', 'UTC');

-- --------------------------------------------------------

--
-- Structure de la table `mantis_user_print_pref_table`
--

DROP TABLE IF EXISTS `mantis_user_print_pref_table`;
CREATE TABLE IF NOT EXISTS `mantis_user_print_pref_table` (
  `user_id` int(10) unsigned NOT NULL DEFAULT '0',
  `print_pref` varchar(64) NOT NULL,
  PRIMARY KEY (`user_id`)
) ENGINE=MyISAM DEFAULT CHARSET=utf8;

-- --------------------------------------------------------

--
-- Structure de la table `mantis_user_profile_table`
--

DROP TABLE IF EXISTS `mantis_user_profile_table`;
CREATE TABLE IF NOT EXISTS `mantis_user_profile_table` (
  `id` int(10) unsigned NOT NULL AUTO_INCREMENT,
  `user_id` int(10) unsigned NOT NULL DEFAULT '0',
  `platform` varchar(32) NOT NULL DEFAULT '',
  `os` varchar(32) NOT NULL DEFAULT '',
  `os_build` varchar(32) NOT NULL DEFAULT '',
  `description` longtext NOT NULL,
  PRIMARY KEY (`id`)
) ENGINE=MyISAM DEFAULT CHARSET=utf8 AUTO_INCREMENT=1 ;

-- --------------------------------------------------------

--
-- Structure de la table `mantis_user_table`
--

DROP TABLE IF EXISTS `mantis_user_table`;
CREATE TABLE IF NOT EXISTS `mantis_user_table` (
  `id` int(10) unsigned NOT NULL AUTO_INCREMENT,
  `username` varchar(32) NOT NULL DEFAULT '',
  `realname` varchar(64) NOT NULL DEFAULT '',
  `email` varchar(64) NOT NULL DEFAULT '',
  `password` varchar(32) NOT NULL DEFAULT '',
  `enabled` tinyint(4) NOT NULL DEFAULT '1',
  `protected` tinyint(4) NOT NULL DEFAULT '0',
  `access_level` smallint(6) NOT NULL DEFAULT '10',
  `login_count` int(11) NOT NULL DEFAULT '0',
  `lost_password_request_count` smallint(6) NOT NULL DEFAULT '0',
  `failed_login_count` smallint(6) NOT NULL DEFAULT '0',
  `cookie_string` varchar(64) NOT NULL DEFAULT '',
  `last_visit` int(10) unsigned NOT NULL DEFAULT '1',
  `date_created` int(10) unsigned NOT NULL DEFAULT '1',
  PRIMARY KEY (`id`),
  UNIQUE KEY `idx_user_cookie_string` (`cookie_string`),
  UNIQUE KEY `idx_user_username` (`username`),
  KEY `idx_enable` (`enabled`),
  KEY `idx_access` (`access_level`)
) ENGINE=MyISAM  DEFAULT CHARSET=utf8 AUTO_INCREMENT=5 ;

--
-- Contenu de la table `mantis_user_table`
--

INSERT INTO `mantis_user_table` (`id`, `username`, `realname`, `email`, `password`, `enabled`, `protected`, `access_level`, `login_count`, `lost_password_request_count`, `failed_login_count`, `cookie_string`, `last_visit`, `date_created`) VALUES
(1, 'administrator', '', 'root@localhost', '63a9f0ea7bb98050796b649e85481845', 1, 0, 90, 5, 0, 0, '5b1f45d24d8096fd8581b1dd49bb36c9a51a1cb4c32e9cfe2cf5d73d25a384e3', 1383563795, 1383562226),
(2, 'lbayle', 'Louis BAYLE', 'louis.bayle@atos.net', 'd41d8cd98f00b204e9800998ecf8427e', 1, 0, 25, 0, 0, 0, '8dbc80ac9b24f15555247f08c463a3a352d461e337154b76369971d8654da1fc', 1383563113, 1383563113),
(3, 'user1', 'User ONE', 'toto@titi.fr', 'd41d8cd98f00b204e9800998ecf8427e', 1, 0, 25, 0, 0, 0, 'a7c944c3da2e6c33a5dbc39e552beb09d7dc9171a39a78397ed9f871db39b5eb', 1383563160, 1383563160),
(4, 'user2', 'User TWO', 'toto@titi.tt', 'd41d8cd98f00b204e9800998ecf8427e', 1, 0, 25, 0, 0, 0, 'eb08fbe6c146a430b10f9f21ca26a46d586cbec84cf02e7f8d2bc6081b68eb0c', 1383563179, 1383563179);

/*!40101 SET CHARACTER_SET_CLIENT=@OLD_CHARACTER_SET_CLIENT */;
/*!40101 SET CHARACTER_SET_RESULTS=@OLD_CHARACTER_SET_RESULTS */;
/*!40101 SET COLLATION_CONNECTION=@OLD_COLLATION_CONNECTION */;
